<?xml version="1.0" encoding="UTF-8" standalone="yes"?>
<addon id="script.module.globalscrapers" name="globalscrapers Module" version="3.2.2" provider-name="Solid_Snake">
	<requires>
		<import addon="xbmc.python" version="2.1.0" />
		<import addon="script.module.beautifulsoup4"/>
	</requires>
	<extension point="xbmc.python.module" library="lib" />
	<extension point="xbmc.addon.metadata">
		<platform>all</platform>
        <reuselanguageinvoker>false</reuselanguageinvoker>
		<summary lang="en">globalscrapers Module</summary>
		<description>globalscrapers Module</description>
        <license>GPL</license>
	</extension>
</addon>
